"id","type","v:0","v:1","v:2","f:0","f:1","f:2","radius","omega:0","omega:1","omega:2","Points:0","Points:1","Points:2"
14,1,-5.75771e-06,-2.23417e-06,0,2.90623e-09,8.14945e-11,0,0.00054,2.83959e-05,-0.000123601,0.00897852,0.000943313,0.000471913,-7.12572e-06
33,1,-1.19485e-05,-4.40037e-06,0,3.77322e-09,3.96981e-10,0,0.00052,0.000486569,-0.00103765,0.000844512,0.00070798,0.0013666,-4.32784e-06
72,1,-2.89936e-06,-5.9975e-07,0,4.62284e-10,-4.80774e-10,0,0.00048,-9.98825e-05,0.000535977,-0.000336006,0.00184231,0.000390832,1.69816e-05
15,1,-6.64991e-06,-3.31109e-06,0,-3.67602e-10,1.99604e-10,0,0.00054,0.000195082,1.2671e-05,0.00384242,0.00223682,0.00126292,1.95463e-05
45,1,-2.5811e-06,-8.97759e-07,0,-1.51902e-10,-2.32914e-10,0,0.0005,0.000231613,-0.000814134,0.00255106,0.00274286,0.000444371,-4.97566e-05
57,1,-5.67868e-06,-2.36457e-06,0,-1.5552e-09,3.90743e-10,0,0.0005,-0.00101724,8.33514e-05,0.00326077,0.00322575,0.00132897,3.21045e-05
48,1,-2.51247e-06,-9.78565e-07,0,-1.12201e-09,-4.05631e-10,0,0.0005,0.00020098,0.000869089,0.0012376,0.00366035,0.000452431,1.99029e-05
83,1,-3.94567e-06,-2.2813e-06,0,-1.94806e-09,-1.23512e-10,0,0.00046,0.000366726,-0.000176177,-0.00183447,0.00411479,0.00123173,-1.5404e-05
19,1,-2.41796e-06,-5.7993e-07,0,-2.17935e-09,4.06891e-10,0,0.00054,5.74811e-05,-0.000685603,0.00331297,0.00463992,0.000458759,-6.70462e-06
39,1,-3.43082e-06,-1.4258e-06,0,-3.54181e-09,-8.0786e-11,0,0.0005,0.000446619,0.00158863,-0.00140973,0.00518231,0.00123776,6.72355e-06
4,1,-1.86171e-06,-8.99831e-07,0,-3.73807e-09,-9.1174e-10,0,0.00058,3.58098e-07,-0.00174191,0.00264447,0.00585551,0.000532161,-1.32742e-05
90,1,-3.51659e-06,-3.4743e-06,0,-3.17385e-09,-8.7107e-10,0,0.00044,0.00217551,-0.000326234,0.000424118,0.00589739,0.00165066,3.54547e-05
41,1,-2.69274e-06,-2.47643e-06,0,-4.48152e-09,-1.2498e-09,0,0.0005,-0.000199248,-0.000327466,0.00277642,0.00667798,0.00141168,-3.72737e-05
29,1,-9.66086e-07,-5.68983e-07,0,-2.4074e-09,-5.95253e-10,0,0.00052,-7.72737e-05,0.00189771,0.000197059,0.00687906,0.00045121,-1.24497e-05
89,1,-1.83787e-06,-9.0304e-07,0,-2.7568e-09,-7.07026e-10,0,0.00044,0.00173139,-0.000309993,0.00138122,0.00746552,0.0011411,-1.5437e-06
27,1,-1.9269e-06,-3.68148e-07,0,-5.02944e-09,-2.50207e-09,0,0.00052,-0.000187537,0.000551043,0.00100328,0.00829662,0.00132668,3.7231e-06
75,1,-6.80009e-07,-2.7528e-07,0,-1.51556e-09,-4.0537e-10,0,0.00046,-0.000202431,-0.00201791,0.000977597,0.0078094,0.000396667,-3.73089e-05
54,1,-6.49338e-07,9.15137e-08,0,-2.59442e-09,-1.47802e-09,0,0.0005,-0.000316565,0.00153696,0.000901371,0.00872129,0.000451734,3.04549e-05
28,1,-1.76781e-06,6.60153e-07,0,-5.54908e-09,-3.60001e-09,0,0.00052,0.000877529,-0.000738758,0.00160713,0.0092286,0.00130371,-2.96738e-05
46,1,-5.12595e-07,6.02144e-07,0,-2.76066e-09,-5.34942e-10,0,0.0005,0.000144418,-0.00134919,0.000752325,0.00970022,0.000458201,4.04467e-05
34,1,-1.88831e-06,2.04787e-06,0,-5.32774e-09,-7.15697e-09,0,0.00052,-0.0023159,0.000848892,0.00113863,0.0101512,0.00139514,-1.66342e-05
68,1,-1.86478e-06,1.8971e-06,0,-2.8497e-09,-4.80612e-09,0,0.00048,-0.00464531,0.00178167,-0.00086918,0.0109517,0.00106257,-2.23732e-05
42,1,-1.31635e-06,7.24913e-07,0,-6.01119e-10,-1.95449e-09,0,0.0005,-3.58178e-05,0.00309983,0.00128315,0.0115277,0.000442229,5.09221e-06
66,1,-2.61744e-06,1.56224e-06,0,-2.31185e-09,-2.57767e-09,0,0.00048,0.000443526,-0.00266831,-0.0025894,0.0118559,0.00134745,4.63423e-05
74,1,-8.06191e-07,5.44781e-07,0,-5.25874e-10,-1.08092e-09,0,0.00046,0.000831283,-0.00351475,0.000670363,0.0123714,0.000368759,-1.20537e-05
80,1,-3.10071e-06,1.25441e-06,0,-3.58721e-10,-2.57654e-09,0,0.00046,-0.00244511,0.00303796,0.00389684,0.0126946,0.00112712,1.80717e-05
60,1,-7.41308e-07,1.65449e-06,0,-5.94489e-10,-2.09584e-09,0,0.00048,-0.000567455,0.00283749,0.00224224,0.0132302,0.000399029,-3.28708e-05
52,1,-3.93013e-06,4.568e-06,0,2.91754e-10,-5.59131e-09,0,0.0005,1.84586e-05,-0.0033817,0.005477,0.013594,0.00120219,3.91278e-05
6,1,-4.23401e-06,1.4872e-06,0,3.44812e-09,-3.70966e-09,0,0.00056,-0.000155343,0.00294089,-0.00798453,0.0143378,0.000558113,3.75182e-05
32,1,-1.21656e-05,6.47657e-06,0,5.89105e-09,-8.25461e-09,0,0.00052,-0.000160166,0.00258058,-0.0070338,0.0148542,0.00160546,-4.71808e-05
91,1,-1.25647e-05,4.39079e-06,0,4.69159e-09,-3.43336e-09,0,0.00044,-0.00166227,-0.00295812,0.00478619,0.0157018,0.00127229,3.24564e-05
16,1,-4.89934e-06,1.02026e-06,0,4.72962e-09,-2.30663e-09,0,0.00054,-0.000413289,-0.00280559,0.0100888,0.0153559,0.000458402,-2.76781e-05
38,1,-1.40785e-05,4.38945e-06,0,6.2062e-09,-4.46421e-09,0,0.0005,-0.00189132,0.00156878,-0.00292599,0.0164743,0.00164101,2.40231e-05
59,1,1.2444e-05,4.17877e-05,0,0,0,0,0.00048,915.424,-47.4695,14.2471,0.0166944,0.000521214,-3.96086e-06
78,1,-1.47237e-05,8.65351e-07,0,5.10466e-09,-2.94044e-09,0,0.00046,-0.00566196,0.000615366,-0.00393546,0.0173222,0.00142366,2.18197e-05
3,1,-1.37484e-05,-1.58294e-06,0,1.0103e-08,-3.43053e-09,0,0.00058,-0.000383097,3.43366e-05,-7.43135e-05,0.0182595,0.00128038,-1.82355e-06
67,1,-7.22137e-06,-2.54033e-06,0,4.09643e-09,-1.56035e-10,0,0.00048,-1.25515e-05,-0.00054128,0.0143369,0.0176584,0.000450925,1.3181e-05
10,1,-6.87791e-06,-6.32375e-07,0,5.1499e-09,-1.63993e-09,0,0.00056,0.000117954,0.000156479,0.0124235,0.0187675,0.000413619,-2.65834e-05
71,1,-1.29361e-05,-1.16332e-06,0,4.97864e-09,-1.42573e-09,0,0.00048,5.12093e-05,0.000114805,0.000224869,0.0192459,0.00121619,-2.02466e-06
53,1,-1.0195e-05,-4.20555e-06,0,4.89306e-09,-1.45415e-10,0,0.0005,-0.00100387,0.000410015,-0.00289855,0.0199588,0.000613576,-4.85386e-05
11,1,-1.18071e-05,-5.15821e-06,0,1.99612e-09,1.20042e-09,0,0.00056,-0.0011249,0.00070006,0.00347857,0.00154479,0.00197092,7.17441e-06
79,1,-1.38572e-05,-6.81313e-06,0,3.67757e-10,1.6483e-09,0,0.00046,0.00121038,0.000582243,-0.00147268,0.0013342,0.0028762,-2.13541e-05
70,1,-1.39926e-05,-5.29626e-06,0,2.01222e-09,6.35019e-10,0,0.00048,-1.54468e-05,0.000150415,-0.00135085,0.000624899,0.00238818,-1.31875e-05
49,1,-1.26683e-05,-8.08529e-06,0,-1.411e-09,2.80969e-09,0,0.0005,-0.000800746,-0.000179328,0.00107144,0.00218025,0.0029591,4.93031e-05
36,1,-9.69083e-06,-5.9886e-06,0,-2.26242e-09,1.83433e-09,0,0.00052,0.000630306,0.00049035,0.00255756,0.00271327,0.00215406,-6.697e-06
21,1,-1.17207e-05,-8.29046e-06,0,-3.64266e-09,3.45878e-09,0,0.00054,-0.00109897,-0.000400841,0.00106615,0.00312323,0.0030821,-1.41959e-06
2,1,-9.51727e-06,-7.11852e-06,0,-5.77112e-09,3.01354e-09,0,0.00058,0.00180581,-0.000289215,0.000837891,0.00377228,0.0022903,1.88296e-05
64,1,-1.11867e-05,-7.58314e-06,0,-3.39901e-09,2.17619e-09,0,0.00048,-0.00270842,-0.000603629,0.00399465,0.0040959,0.00323135,-3.46654e-05
86,1,-9.11824e-06,-5.73009e-06,0,-3.52652e-09,6.05205e-10,0,0.00044,0.00190214,0.00125882,-0.000962159,0.0047582,0.00277098,-2.11247e-06
50,1,-6.44171e-06,-3.27143e-06,0,-4.06912e-09,7.30815e-10,0,0.0005,-0.00126645,-0.000325822,0.00752713,0.00465965,0.00191989,-4.9345e-05
8,1,-6.75702e-06,-5.15809e-06,0,-8.63581e-09,-1.78532e-09,0,0.00056,-0.0014117,-0.000571821,0.00318937,0.00564453,0.00255336,2.40593e-05
81,1,-5.30978e-06,-3.58043e-06,0,-4.68855e-09,-1.46335e-09,0,0.00046,0.00050636,0.00109302,0.00212178,0.00657406,0.0023101,1.72248e-05
30,1,-6.94688e-06,-4.91881e-06,0,-8.64334e-09,-2.29541e-09,0,0.00052,-0.000569406,-0.00153383,-0.000223913,0.00641005,0.00324193,4.55657e-05
88,1,-6.10006e-06,-3.18986e-06,0,-4.93777e-09,-9.9119e-10,0,0.00044,0.00222649,0.00104781,0.00230858,0.0072466,0.00283787,-4.19173e-06
69,1,-3.78733e-06,-1.65811e-06,0,-4.7268e-09,-1.39782e-09,0,0.00048,-0.00159399,-0.000768518,0.00195954,0.00740345,0.00198669,3.70504e-05
7,1,-3.59972e-06,-6.18892e-07,0,-7.7556e-09,-4.22082e-09,0,0.00056,-0.000155997,-1.06937e-05,0.00115271,0.00829757,0.00236492,3.74342e-05
25,1,-5.78305e-06,1.7016e-06,0,-7.30847e-09,-5.18026e-09,0,0.00052,0.000991067,-0.000863271,0.00332027,0.00922407,0.00327464,-4.25165e-05
22,1,-3.46281e-06,1.03894e-06,0,-6.73255e-09,-5.89521e-09,0,0.00054,-0.000842915,3.74284e-05,0.00147467,0.0093337,0.0022901,1.87838e-05
58,1,-6.88281e-06,3.35964e-06,0,-7.71284e-09,-6.15599e-09,0,0.0005,-0.00323485,0.00488087,0.00215208,0.010239,0.00318289,-3.26099e-05
65,1,-3.7899e-06,2.70562e-06,0,-4.90243e-09,-5.61123e-09,0,0.00048,0.00287603,1.67617e-05,0.00287793,0.0102937,0.00230228,-2.11042e-05
13,1,-6.90443e-06,5.94085e-06,0,-9.22152e-09,-8.03027e-09,0,0.00054,-0.00425562,-0.00356022,0.00507554,0.0112206,0.0030091,-2.03403e-05
24,1,-2.82467e-06,3.56653e-06,0,-6.09768e-09,-5.68307e-09,0,0.00052,0.004305,-0.00222238,0.00157907,0.0111888,0.00199442,2.94528e-05
73,1,2.18698e-05,3.3061e-05,0,0,0,0,0.00046,0.00396309,0.00602508,0.0391762,0.0120617,0.00243935,6.56493e-06
1,1,-1.23603e-05,6.66234e-06,0,-4.2663e-09,-1.32821e-08,0,0.00058,-0.00397253,0.00151958,6.09678e-05,0.0130034,0.00302418,1.15215e-05
20,1,-8.77893e-06,3.6016e-06,0,4.98009e-10,-8.22491e-09,0,0.00054,0.00358552,0.000541218,0.00631328,0.0129593,0.0019968,-2.66714e-05
35,1,-1.31795e-05,7.52502e-06,0,-5.6419e-10,-8.71291e-09,0,0.00052,0.00225403,-0.00129145,0.00117254,0.0140329,0.00293526,2.4953e-06
47,1,-9.89059e-06,7.52634e-06,0,1.79695e-09,-7.76071e-09,0,0.0005,-0.00232296,-0.000913005,0.00570208,0.0139768,0.00201836,4.33922e-05
93,1,-1.40887e-05,6.61712e-06,0,5.68945e-10,-4.38841e-09,0,0.00042,0.00727233,-0.0019136,-0.00260342,0.0148789,0.00265813,4.12499e-05
23,1,-1.38358e-05,5.14468e-06,0,4.92977e-09,-7.6594e-09,0,0.00054,0.00136638,-0.00164132,0.00101728,0.0156924,0.00222197,3.27854e-05
63,1,-1.42483e-05,4.47011e-06,0,1.52445e-09,-4.08343e-09,0,0.00048,-0.0049166,-0.00180847,-0.000784002,0.016428,0.00286311,-2.48084e-05
40,1,-1.42207e-05,5.98166e-06,0,4.79588e-11,-6.22814e-09,0,0.0005,-0.00195542,0.00471557,-0.000861563,0.0155845,0.00319921,-2.89305e-05
44,1,-1.36583e-05,1.94036e-06,0,4.41627e-09,-3.9298e-09,0,0.0005,0.00474375,0.00095136,-0.00277514,0.0171432,0.00233375,-4.01526e-05
51,1,-1.56957e-05,-1.17609e-06,0,1.39107e-09,-3.3604e-09,0,0.0005,-0.000713943,-0.000317991,0.00042572,0.0179853,0.00311689,-3.11061e-05
55,1,-1.42782e-05,-1.11004e-06,0,4.43814e-09,-3.01632e-09,0,0.0005,0.000773374,-0.000682539,-0.000531136,0.0180505,0.0022238,-4.78087e-05
84,1,-1.52349e-05,-2.38031e-06,0,1.33212e-09,-1.18274e-09,0,0.00044,0.000924866,0.000213834,6.52989e-05,0.0188316,0.00290561,2.35941e-05
31,1,-1.41281e-05,-2.14471e-06,0,4.60536e-09,-1.92905e-09,0,0.00052,-6.79223e-05,-0.000390819,0.000326274,0.0189886,0.00206958,3.24568e-05
26,1,-1.35537e-05,-3.59225e-06,0,4.26586e-09,-6.66932e-10,0,0.00052,0.000765884,0.00039746,-0.000969275,0.0199341,0.0018072,-4.92787e-05
17,1,-1.44834e-05,-3.86225e-06,0,2.42459e-09,-6.85925e-10,0,0.00054,-0.0011708,-6.29223e-07,-0.00036474,0.0197316,0.00275882,2.08022e-05
5,1,-1.48338e-05,-5.77743e-06,0,1.61629e-10,1.61411e-09,0,0.00056,0.000130867,-0.00128173,0.000774452,0.000588773,0.00337476,4.11056e-07
12,1,-1.43956e-05,-9.3493e-06,0,-2.65565e-09,4.67737e-09,0,0.00056,-0.000130502,0.00153803,0.000277353,0.00162472,0.00380376,5.14548e-06
168,1,-1.68379e-05,-1.08671e-05,0,-2.31725e-09,3.87329e-09,0,0.00048,0.00172725,0.00158284,-0.00175055,0.00132492,0.00496727,-5.06646e-06
162,1,-1.64712e-05,-7.53473e-06,0,-1.27019e-09,2.11262e-09,0,0.00048,-0.000823973,-0.00110849,-0.00125266,0.000730824,0.00430622,3.07542e-05
43,1,-1.5965e-05,-1.15019e-05,0,-2.549e-09,4.53329e-09,0,0.0005,-0.000178118,-0.0014076,7.80333e-05,0.00215744,0.00464599,-3.67063e-05
61,1,-1.41126e-05,-1.04439e-05,0,-2.82573e-09,3.23136e-09,0,0.00048,0.0027307,-0.00185423,0.00252202,0.002647,0.00389682,4.42332e-05
167,1,-1.55716e-05,-1.22865e-05,0,-2.79778e-09,3.48935e-09,0,0.00048,-0.00402311,-0.000348342,0.00135035,0.00310231,0.00473571,4.50596e-05
37,1,-1.35799e-05,-1.0164e-05,0,-4.08441e-09,3.61051e-09,0,0.00052,0.00207636,0.0018661,0.00154317,0.00361731,0.0039712,4.93343e-05
149,1,-1.4726e-05,-1.21977e-05,0,-3.73246e-09,3.08754e-09,0,0.0005,-0.000517826,0.00143988,0.000355677,0.00405149,0.00480812,-4.39636e-05
76,1,-1.31187e-05,-9.77451e-06,0,-3.62286e-09,1.65532e-09,0,0.00046,0.000441699,-0.0022305,0.00061696,0.00458127,0.00402001,-2.06407e-05
147,1,-1.32137e-05,-1.2813e-05,0,-4.63573e-09,2.27534e-09,0,0.0005,-0.00281566,-0.00299584,-0.000643345,0.0050083,0.0048558,-2.4127e-05
87,1,-1.04032e-05,-6.94519e-06,0,-3.90152e-09,1.74463e-10,0,0.00044,0.000567765,0.0021012,0.00385628,0.00523725,0.00343721,1.77683e-05
193,1,-1.0162e-05,-8.34474e-06,0,-5.06627e-09,2.5378e-10,0,0.00044,0.000433268,-0.000644538,-0.00413862,0.00573127,0.00408829,-3.72271e-05
85,1,-8.97054e-06,-6.85827e-06,0,-5.30042e-09,-1.12762e-09,0,0.00044,0.000607052,0.000679489,0.00489004,0.00657838,0.00412079,1.35023e-05
139,1,-1.12057e-05,-1.02852e-05,0,-6.05723e-09,1.03621e-10,0,0.0005,0.000499259,0.00414133,0.00436045,0.00595012,0.00494454,-7.56683e-06
95,1,-9.27939e-06,-4.9452e-06,0,-1.19835e-08,-5.46758e-09,0,0.00058,0.00381527,0.00263306,0.00454612,0.00766616,0.00446471,1.0814e-05
94,1,-6.83756e-06,-4.56221e-06,0,-4.69498e-09,-1.4906e-09,0,0.00042,-0.00262683,0.000604548,0.000759403,0.00725053,0.00362788,4.70582e-05
9,1,-5.73596e-06,-1.59478e-06,0,-1.00754e-08,-5.53076e-09,0,0.00056,0.000336097,8.05628e-05,0.00331912,0.00816507,0.00341368,-3.93388e-05
177,1,-1.06361e-05,-7.92188e-06,0,-5.43772e-09,-1.73327e-09,0,0.00046,-0.00282148,-0.00505876,0.000616796,0.00684128,0.00490319,-4.51984e-05
82,1,-8.63056e-06,2.91871e-07,0,-5.95893e-09,-3.05932e-09,0,0.00046,-0.00222656,-0.0033492,0.00535173,0.00858591,0.00427597,3.14585e-06
159,1,-1.01218e-05,3.51433e-06,0,-5.84436e-09,-3.91495e-09,0,0.00048,-0.000479593,-6.58153e-05,0.00112791,0.00916048,0.00495744,2.716e-05
194,1,-8.5021e-06,3.25539e-06,0,-5.23463e-09,-3.12237e-09,0,0.00044,-0.000714292,0.00342691,0.00254311,0.00938441,0.00415163,-1.25794e-06
131,1,-1.05122e-05,5.87568e-06,0,-7.45541e-09,-5.99089e-09,0,0.00052,-0.00322669,0.000574857,0.00360178,0.0100757,0.00484221,4.40858e-05
92,1,-8.50745e-06,4.56558e-06,0,-4.5255e-09,-3.31796e-09,0,0.00042,0.00364727,-0.00364758,0.00114773,0.0101242,0.00398323,3.96798e-05
135,1,-9.79399e-06,6.83838e-06,0,-6.96855e-09,-6.84062e-09,0,0.0005,0.00541803,0.00268248,0.00262611,0.0109811,0.00399561,-7.07934e-06
182,1,-1.03447e-05,7.93751e-06,0,-4.39123e-09,-6.41388e-09,0,0.00046,-0.00338309,0.00084109,-0.00112481,0.0120873,0.00342527,-3.43082e-05
105,1,-1.13047e-05,8.94516e-06,0,-8.05069e-09,-1.06252e-08,0,0.00056,0.00280826,0.00141468,0.00132201,0.0119032,0.00439805,2.286e-05
99,1,-1.22521e-05,8.66759e-06,0,-6.82595e-09,-1.1956e-08,0,0.00056,0.00515347,-0.00441494,-0.00126722,0.0128883,0.00405801,1.9512e-05
171,1,-1.38258e-05,9.71477e-06,0,-3.90284e-09,-6.56639e-09,0,0.00048,0.00253175,-0.000469907,-0.00233497,0.0137246,0.00481468,-2.43024e-05
160,1,-1.35095e-05,7.9204e-06,0,-2.84709e-09,-7.34551e-09,0,0.00048,-0.00341533,0.00508852,9.21149e-05,0.0138419,0.00386803,5.32063e-06
157,1,-1.44745e-05,8.28719e-06,0,-3.85664e-09,-6.83248e-09,0,0.0005,0.00684128,-0.00262744,0.00111206,0.0145844,0.00446539,1.35755e-05
56,1,-1.38045e-05,7.56987e-06,0,-1.57515e-09,-7.04742e-09,0,0.0005,-0.00576482,-0.00176255,-0.000508346,0.0147305,0.0035568,-2.12721e-05
125,1,-1.40996e-05,7.00504e-06,0,-2.78322e-09,-6.52734e-09,0,0.00052,0.00171814,-0.000654345,-0.000749786,0.0155044,0.00414953,9.36883e-06
190,1,-1.49778e-05,4.81984e-06,0,-2.5285e-09,-3.35853e-09,0,0.00044,-0.0060017,0.00677739,-0.00716462,0.016392,0.00468866,2.78794e-05
165,1,-1.44351e-05,5.0444e-06,0,-1.06857e-09,-4.0716e-09,0,0.00048,0.00541845,-0.00258305,-0.000841075,0.0163427,0.0037767,4.76559e-05
62,1,-1.52544e-05,1.7269e-06,0,6.365e-11,-3.80112e-09,0,0.00048,0.000938615,4.02579e-05,-0.00475101,0.0171609,0.00344944,4.14547e-05
185,1,-1.60574e-05,1.38007e-06,0,-2.06446e-09,-3.01977e-09,0,0.00046,-0.000950231,-0.00233206,0.00242521,0.0171828,0.00433916,-3.17454e-05
192,1,-1.6246e-05,-3.72382e-07,0,-9.97815e-10,-1.91482e-09,0,0.00044,0.0008027,0.00179399,-0.00145872,0.0179216,0.00397433,3.50109e-05
173,1,-1.7229e-05,-6.90935e-07,0,-3.04528e-09,-1.68823e-09,0,0.00048,0.000111906,0.00515768,-0.00127714,0.0179879,0.00483093,4.476e-05
77,1,-1.6058e-05,-2.42065e-06,0,-2.43357e-10,-1.09223e-09,0,0.00046,-0.00127924,-0.00111022,-0.000884632,0.0187074,0.00366657,2.15234e-05
101,1,-1.67769e-05,-2.97602e-06,0,-3.21156e-09,-4.30682e-10,0,0.00056,0.000194719,-0.00324827,-0.000365209,0.0189279,0.00454226,-2.13321e-05
18,1,-1.57829e-05,-4.5244e-06,0,-5.40276e-10,2.40152e-10,0,0.00054,0.00151313,0.000902911,-0.000528299,0.0196331,0.00376135,-3.02218e-05
172,1,-1.73048e-05,-6.33635e-06,0,-2.05038e-09,1.59871e-09,0,0.00048,-0.00131795,0.00235569,0.000314113,0.0199435,0.00467799,-1.72291e-05
133,1,-2.08961e-05,-1.31481e-05,0,-2.79658e-09,5.95803e-09,0,0.00052,0.00335449,0.00486278,0.00152514,0.00102475,0.00632127,2.24799e-05
154,1,-1.73379e-05,-8.97479e-06,0,-3.35523e-09,3.15551e-09,0,0.0005,0.000130356,-0.00351835,-0.0014627,0.000521929,0.00543576,2.90979e-05
187,1,-1.91885e-05,-9.93238e-06,0,-2.62283e-09,2.32172e-09,0,0.00046,0.00417202,-0.00302445,0.00425367,5.44536e-05,0.0062179,4.20701e-05
146,1,-1.82037e-05,-1.32331e-05,0,-2.37336e-09,5.16928e-09,0,0.0005,-0.00353889,-0.00438346,0.000517174,0.00174159,0.00575451,1.83575e-05
169,1,-1.70384e-05,-1.35962e-05,0,-2.38177e-09,3.89509e-09,0,0.00048,0.00163158,0.00461392,-0.000278796,0.00258012,0.00545332,2.60985e-05
170,1,-1.7988e-05,-1.63555e-05,0,-2.03383e-09,3.75813e-09,0,0.00048,2.2892e-05,0.000226235,0.000685989,0.00291925,0.0062679,-4.71426e-05
156,1,-2.06228e-05,-1.67694e-05,0,-2.46622e-09,4.74307e-09,0,0.0005,0.00194379,-0.000707897,0.00234722,0.00205759,0.00665329,-1.8988e-06
148,1,-1.65079e-05,-1.4724e-05,0,-3.12515e-09,3.47233e-09,0,0.0005,0.00205336,-0.00342831,0.00129487,0.00353384,0.00558683,3.81834e-05
106,1,-1.66889e-05,-1.81524e-05,0,-3.33967e-09,3.83193e-09,0,0.00056,-0.00371801,-0.000942425,-0.00169984,0.00390153,0.00652797,-2.02095e-05
137,1,-1.50559e-05,-1.49722e-05,0,-3.35571e-09,2.61236e-09,0,0.0005,0.00271446,0.00370262,0.000925741,0.00449419,0.00567725,-4.83823e-05
143,1,-1.41137e-05,-1.7172e-05,0,-3.09176e-09,1.33669e-09,0,0.0005,0.00226139,0.00309723,0.000489993,0.00504257,0.00645396,3.12852e-05
196,1,-1.38521e-05,-1.38857e-05,0,-2.21972e-09,5.65703e-10,0,0.00042,-0.00115424,-0.00485867,0.00287805,0.00540601,0.00565332,3.21564e-05
132,1,-1.27937e-05,-1.45531e-05,0,-4.37882e-09,1.2026e-10,0,0.00052,-0.00247477,-0.00336947,0.00435019,0.00599535,0.00639053,7.74856e-06
142,1,-1.13012e-05,-9.99582e-06,0,-5.54234e-09,-1.64368e-09,0,0.0005,0.00528505,-8.24931e-05,0.0020514,0.00658582,0.00569997,2.89194e-05
121,1,-1.15146e-05,-7.12456e-06,0,-7.02106e-09,-4.09658e-09,0,0.00052,-0.00498026,-0.000864201,0.00149867,0.00756353,0.00552265,6.87793e-06
122,1,-1.18662e-05,-9.04173e-06,0,-6.13825e-09,-3.40855e-09,0,0.00052,0.00191202,0.0108036,0.00136053,0.00720751,0.00642583,-1.13161e-05
195,1,-1.13586e-05,-1.2011e-06,0,-4.3498e-09,-3.128e-09,0,0.00044,-0.00370367,0.0024667,0.0115757,0.00843893,0.0053942,-2.73404e-05
103,1,-1.24581e-05,5.39331e-06,0,-8.37724e-09,-6.54781e-09,0,0.00056,0.000132288,-0.00383745,0.00279354,0.00927415,0.0059231,1.00341e-06
115,1,-1.17037e-05,8.49452e-06,0,-7.70915e-09,-7.92884e-09,0,0.00054,-0.00537711,-0.00188056,0.00131502,0.0110569,0.00500451,3.45424e-05
102,1,-1.27011e-05,7.92984e-06,0,-8.43972e-09,-7.23802e-09,0,0.00056,0.00521507,0.00436621,0.00114743,0.0103745,0.0057998,-2.06108e-05
180,1,-1.32196e-05,1.02612e-05,0,-4.41498e-09,-4.84495e-09,0,0.00046,0.00474274,-0.00469452,0.00228744,0.0113199,0.00592457,1.27382e-05
117,1,-1.29386e-05,1.02692e-05,0,-6.04235e-09,-9.57749e-09,0,0.00054,-0.0056142,0.000676661,0.00152631,0.0127793,0.00504644,-5.37633e-06
197,1,-1.2784e-05,9.97023e-06,0,-3.17985e-09,-4.26605e-09,0,0.00042,-0.000645468,0.000195142,0.000864811,0.0119165,0.00534764,1.2658e-05
145,1,-1.41162e-05,1.13234e-05,0,-5.09427e-09,-7.08078e-09,0,0.0005,0.0061806,0.00776565,0.000288926,0.0125479,0.00595887,-3.07296e-05
107,1,-1.4663e-05,1.25764e-05,0,-6.88516e-09,-8.19983e-09,0,0.00054,-0.0117435,-0.00422418,0.0012631,0.0119029,0.00664643,1.90715e-05
114,1,-1.41357e-05,1.10795e-05,0,-5.99593e-09,-8.36256e-09,0,0.00054,-0.000637886,-0.00702149,0.000143035,0.0135237,0.00578485,-4.55597e-05
158,1,-1.49851e-05,1.13308e-05,0,-4.37773e-09,-4.70806e-09,0,0.00048,0.00327647,0.01098,0.00172514,0.0142756,0.00638586,4.23607e-05
96,1,-1.5192e-05,9.45686e-06,0,-7.60436e-09,-9.06024e-09,0,0.00058,-0.00643147,0.00638023,-0.00214218,0.014563,0.0054702,-1.47472e-05
98,1,-1.65101e-05,8.78873e-06,0,-9.05658e-09,-6.27236e-09,0,0.00058,0.00185902,-0.0074014,-0.00111796,0.0154838,0.00616652,-5.04024e-06
109,1,-1.5553e-05,7.71094e-06,0,-5.84641e-09,-6.15936e-09,0,0.00054,-0.00165423,-0.00292358,0.00174989,0.0155481,0.005113,-2.57589e-05
151,1,-1.71448e-05,5.95667e-06,0,-5.75371e-09,-3.49578e-09,0,0.0005,0.00444194,0.00422364,-0.00328758,0.0163847,0.00563814,2.72027e-05
150,1,-1.66276e-05,6.39622e-06,0,-6.798e-09,-2.87719e-09,0,0.0005,-0.00414505,0.00679583,-0.00193709,0.0164529,0.00654923,-1.6913e-05
152,1,-1.76612e-05,2.13303e-06,0,-5.05793e-09,-3.15071e-09,0,0.0005,0.000899578,-0.00614596,-0.00182783,0.0171803,0.00521826,-2.6529e-06
164,1,-1.6862e-05,2.79635e-06,0,-5.94457e-09,-1.99638e-09,0,0.00048,-0.00168795,-0.00334405,-0.00370191,0.017216,0.00614431,2.01859e-05
184,1,-1.74522e-05,-7.88805e-08,0,-4.71201e-09,-9.3696e-10,0,0.00046,-0.00183736,0.00522154,-0.00126216,0.0179656,0.00575481,1.76588e-05
189,1,-1.73722e-05,-2.32826e-06,0,-2.98385e-09,1.21578e-10,0,0.00044,0.00172747,-0.00486028,-0.00163248,0.0186667,0.00538094,-2.41619e-05
118,1,-1.77965e-05,-2.73703e-06,0,-9.12874e-09,1.77355e-09,0,0.00054,-0.00274188,-0.00138368,0.000854747,0.0188872,0.00622837,-4.22073e-05
134,1,-1.76688e-05,-6.01053e-06,0,-4.5391e-09,2.60161e-09,0,0.00052,-0.00131936,0.00434016,-0.0042331,0.0195331,0.00547214,-4.22335e-05
191,1,-2.19684e-05,-1.86383e-05,0,-3.3e-09,2.61445e-09,0,0.00044,0.0036943,0.00169241,-0.00137381,0.00132159,0.00809216,-1.89411e-05
166,1,-2.21352e-05,-1.59655e-05,0,-3.43711e-09,4.25347e-09,0,0.00048,-0.00224241,0.000479299,-0.00456353,0.00130686,0.00721478,-3.83096e-05
296,1,-2.07822e-05,-1.24874e-05,0,-4.63654e-09,2.26593e-09,0,0.00044,0.00688773,-0.000735787,-0.00861423,0.000503045,0.00799718,-3.96098e-06
119,1,-2.25078e-05,-1.15912e-05,0,-6.05149e-09,4.37451e-09,0,0.00054,-0.00607028,-0.00227066,-0.000734013,0.000387683,0.00706641,-3.70828e-05
113,1,-2.18701e-05,-2.03626e-05,0,-4.4396e-09,4.79326e-09,0,0.00054,-0.00264628,-0.00165633,-0.00110786,0.00214279,0.00764903,-3.33274e-05
136,1,-2.13717e-05,-2.62164e-05,0,-3.0386e-09,2.17812e-09,0,0.0005,-0.00162653,-0.00424071,-0.00673865,0.00291114,0.00823618,-3.46879e-05
108,1,-1.92655e-05,-2.02092e-05,0,-2.94061e-09,4.29833e-09,0,0.00054,0.000714612,0.00336842,-6.52413e-06,0.00306528,0.00720607,-1.46308e-05
175,1,-1.94279e-05,-2.64234e-05,0,-1.98761e-09,1.35481e-09,0,0.00046,0.00727418,0.00284641,0.00137534,0.00375256,0.0078589,2.46256e-05
97,1,-1.609e-05,-2.16969e-05,0,-4.42746e-09,1.73436e-09,0,0.00058,-0.000996215,-0.00491196,0.00312886,0.00459385,0.00735882,-1.12464e-05
198,1,-1.98101e-05,-2.66942e-05,0,-1.41735e-09,6.72185e-10,0,0.00042,0.00143629,0.00306939,0.00320788,0.00446474,0.00830131,-3.99128e-05
127,1,-1.73936e-05,-2.12919e-05,0,-3.90276e-09,-9.3553e-10,0,0.00052,-0.00481109,-4.74535e-05,0.00964789,0.00533784,0.00812861,-4.70278e-05
138,1,-1.44045e-05,-1.75813e-05,0,-3.4427e-09,2.47137e-10,0,0.0005,0.00254778,0.00542412,0.00161093,0.0056308,0.0072476,1.72877e-05
124,1,-1.33445e-05,-1.49336e-05,0,-6.64324e-09,-1.29609e-09,0,0.00052,0.00929668,-0.00143965,-0.00424906,0.00631539,0.00812691,7.98975e-06
112,1,-1.43717e-05,-1.28941e-05,0,-3.68696e-09,-1.61381e-09,0,0.00054,-0.00569929,-0.00554594,0.0050578,0.00663669,0.00720761,3.67542e-05
111,1,-1.37529e-05,-7.08331e-07,0,-1.4025e-08,-7.35716e-09,0,0.00054,-0.0742449,0.0476287,-0.0137817,0.00757432,0.00791707,-1.8846e-05
140,1,-1.58132e-05,-4.98026e-08,0,-5.85232e-09,-5.81363e-09,0,0.0005,0.047824,0.0221168,0.0167367,0.00798435,0.0069823,-4.44854e-05
179,1,-1.4273e-05,5.66154e-06,0,-5.43004e-09,-4.92369e-09,0,0.00046,0.0189115,-0.0376966,0.000700006,0.00885694,0.00680651,3.81307e-05
188,1,-1.28845e-05,-2.38355e-07,0,-8.00819e-09,-1.37864e-09,0,0.00044,-0.0427827,-0.0323041,0.0162755,0.00852087,0.00773203,-2.9739e-05
141,1,-1.33557e-05,7.02114e-06,0,-1.05991e-08,-4.55947e-09,0,0.0005,-0.0125215,0.0392427,-0.00183253,0.00941421,0.00750953,-4.89198e-05
110,1,-1.38581e-05,7.92236e-06,0,-8.39751e-09,-5.36991e-09,0,0.00054,-0.00726811,-0.00530556,0.00267553,0.00993593,0.00672817,-4.65545e-05
153,1,-1.44037e-05,1.13472e-05,0,-6.17328e-09,-5.75423e-09,0,0.0005,-0.00427088,0.0056622,0.00132874,0.0109168,0.00674818,3.54227e-05
120,1,-1.59282e-05,1.22401e-05,0,-7.11802e-09,-5.91095e-09,0,0.00052,0.00258224,-0.00317664,0.0027625,0.0104473,0.00762634,-3.20614e-05
155,1,-1.59323e-05,1.39801e-05,0,-6.4115e-09,-6.13416e-09,0,0.0005,0.0147509,0.00858288,0.001136,0.0115054,0.00751567,-2.80691e-05
163,1,-1.5168e-05,1.24484e-05,0,-4.31399e-09,-5.75075e-09,0,0.00048,0.00400109,0.00419443,0.00124638,0.0131072,0.00667685,-2.4844e-05
130,1,-1.58927e-05,1.40468e-05,0,-6.35804e-09,-7.15507e-09,0,0.00052,-0.000432491,-0.0105715,0.000350623,0.0125223,0.00742579,2.2788e-05
183,1,-1.62125e-05,1.49125e-05,0,-4.55185e-09,-4.45738e-09,0,0.00046,0.00295508,0.0131643,-7.91697e-05,0.0133142,0.00788608,4.85236e-05
126,1,-1.65362e-05,1.58016e-05,0,-7.10513e-09,-6.70231e-09,0,0.00052,0.00152768,0.0118365,0.000671013,0.0120958,0.00830081,-2.4969e-05
128,1,-1.61499e-05,1.28641e-05,0,-5.89283e-09,-6.1296e-09,0,0.00052,-0.00677676,-0.00487292,-0.000348705,0.013877,0.00719932,-3.30909e-05
291,1,-1.66322e-05,1.3094e-05,0,-4.83795e-09,-3.2116e-09,0,0.00046,-0.00200853,-0.00609652,-2.36014e-05,0.014507,0.00784129,-3.5681e-05
116,1,-1.63869e-05,1.14512e-05,0,-7.28448e-09,-4.8272e-09,0,0.00054,0.00511216,-0.0023437,-0.000599946,0.0149503,0.00705706,-3.07794e-05
243,1,-1.68585e-05,1.19404e-05,0,-6.65238e-09,-2.78619e-09,0,0.0005,-0.00437585,0.00576478,5.47932e-05,0.0154337,0.00792081,-4.5525e-06
247,1,-1.67198e-05,9.47696e-06,0,-6.49852e-09,-2.67354e-09,0,0.0005,-0.00289039,0.0031443,-0.00213777,0.0159332,0.00721962,-3.2558e-05
300,1,-1.77762e-05,8.79327e-06,0,-4.57758e-09,-2.67709e-10,0,0.00042,0.00534002,-0.00199596,-4.43426e-05,0.0165196,0.00788323,-2.70922e-06
144,1,-1.79807e-05,4.00797e-07,0,-8.09719e-09,4.52194e-11,0,0.0005,0.00237166,0.00290581,-0.00150472,0.0180103,0.00668662,1.64328e-05
123,1,-1.76699e-05,4.10838e-06,0,-1.00209e-08,-2.99356e-10,0,0.00052,0.00322808,-0.00681433,-0.000130092,0.0171884,0.0072003,-3.94419e-05
259,1,-2.00862e-05,1.75552e-07,0,-9.05213e-09,1.35854e-09,0,0.0005,-0.00223257,0.00298768,-0.00264276,0.0181513,0.00764416,-2.56433e-05
248,1,-1.80116e-05,5.34284e-06,0,-9.24848e-09,1.0126e-09,0,0.0005,-0.00388878,0.0017037,-0.00391505,0.0173609,0.00814943,4.46827e-05
161,1,-2.09872e-05,-2.93162e-06,0,-7.91492e-09,1.79058e-09,0,0.00048,0.00307034,-0.00319297,0.00245108,0.0189492,0.0071255,-2.82612e-05
174,1,-2.07025e-05,-3.26486e-06,0,-6.80226e-09,1.89907e-09,0,0.00046,-0.0045503,-0.0073696,-0.00593435,0.0190181,0.00795078,4.29821e-06
176,1,-2.17458e-05,-7.77122e-06,0,-5.8722e-09,1.74085e-09,0,0.00046,0.00455163,0.00647167,-0.00632964,0.0197218,0.00760097,4.21792e-05
226,1,-2.47404e-05,-1.72255e-05,0,-8.50133e-09,4.41441e-09,0,0.00052,-0.00148631,-0.00655473,-0.000811747,0.00100384,0.00895405,2.41907e-05
280,1,-2.0226e-05,-1.953e-05,0,-5.86562e-09,2.18528e-09,0,0.00046,0.00310093,0.00121387,-0.0219293,0.000992113,0.00990762,4.71162e-05
211,1,-2.47096e-05,-9.46907e-06,0,-1.5338e-08,3.83507e-09,0,0.00056,0.00714844,0.00408104,-0.00109687,0.000129222,0.00953672,-3.84248e-05
204,1,-2.43559e-05,-2.9142e-05,0,-8.62929e-09,7.71539e-11,0,0.00058,-0.000734624,-0.00195435,0.0024062,0.00193309,0.00970181,3.19371e-06
214,1,-2.24337e-05,-2.36754e-05,0,-5.02838e-09,3.39796e-09,0,0.00054,0.00227544,0.0029179,-0.00144664,0.002017,0.00867409,2.66777e-05
287,1,-2.3323e-05,-3.1563e-05,0,-2.67496e-09,6.25253e-10,0,0.00046,0.00199269,0.00199139,-0.00857566,0.0028166,0.00919806,7.50784e-06
227,1,-2.55475e-05,-3.78728e-05,0,-4.64672e-09,7.72455e-10,0,0.00052,0.009002,0.00588915,0.00361878,0.00348764,0.00984037,4.80946e-05
100,1,-2.22743e-05,-3.16361e-05,0,-3.77033e-09,1.53555e-09,0,0.00056,-0.0067677,0.0003075,0.00335113,0.00371588,0.0088197,-3.38667e-05
231,1,-2.47533e-05,-3.54343e-05,0,-3.62032e-09,1.32457e-09,0,0.00052,0.0025012,-0.0086245,-0.000684978,0.00438115,0.00955814,4.87165e-05
181,1,-2.21819e-05,-3.07845e-05,0,-2.25096e-09,9.12783e-10,0,0.00046,0.00566047,0.0017139,0.00447285,0.00503106,0.00895323,5.5329e-07
273,1,-2.46425e-05,-3.5593e-05,0,-2.76378e-09,1.73653e-09,0,0.00048,-0.00016686,0.0102791,0.000535977,0.00533286,0.00976367,1.2865e-05
129,1,-1.94707e-05,-1.86543e-05,0,-6.03755e-09,-2.42756e-09,0,0.00052,-0.00822481,-0.00162475,0.023875,0.00595714,0.00903088,-1.04316e-05
302,1,-1.8019e-05,-9.28011e-06,0,-4.37422e-09,-1.14045e-09,0,0.00042,-0.0300058,-0.0239349,-0.0192272,0.00671686,0.00951089,-1.11344e-05
178,1,-1.76518e-05,-5.64125e-06,0,-6.06504e-09,-2.62369e-09,0,0.00046,0.0242127,0.033228,0.0257187,0.00701068,0.00870927,-4.92713e-05
241,1,-2.03644e-05,3.21192e-07,0,-8.73091e-09,-3.53345e-09,0,0.0005,-0.0350303,-0.000770553,0.0211129,0.00754579,0.00981034,4.93873e-05
199,1,-1.80757e-05,1.69599e-06,0,-4.88256e-09,-2.83822e-09,0,0.00042,0.0450803,-0.0134153,-0.0130568,0.00777242,0.00898391,-4.45245e-05
297,1,-1.95992e-05,3.79004e-06,0,-6.39101e-09,-2.02846e-09,0,0.00044,-0.0473191,0.0244075,-0.00814319,0.00837871,0.0095832,-4.34141e-05
186,1,-1.61384e-05,8.44742e-06,0,-7.12731e-09,-3.36996e-09,0,0.00046,0.0145291,-0.0121429,0.0131625,0.00948637,0.0083585,2.59556e-05
104,1,-1.97576e-05,1.61874e-06,0,-1.05202e-08,-1.60025e-09,0,0.00056,0.0314425,-0.00876511,0.00623602,0.00864422,0.00870385,-3.81694e-05
229,1,-2.13891e-05,1.23855e-05,0,-7.59958e-09,-6.72328e-09,0,0.00052,-0.013279,-0.00830452,0.00359614,0.00970557,0.00929089,-1.57412e-05
232,1,-1.67413e-05,1.56916e-05,0,-7.49212e-09,-6.37851e-09,0,0.00052,-0.0162376,-0.0116265,0.000175919,0.0111275,0.00837745,1.47771e-05
304,1,-1.7123e-05,1.47902e-05,0,-4.2801e-09,-3.81922e-09,0,0.00042,-0.005675,0.0176363,0.000866073,0.0102539,0.00853042,-2.04116e-05
206,1,-1.81428e-05,1.7012e-05,0,-8.86879e-09,-7.24006e-09,0,0.00056,0.0199428,0.00960506,0.00307585,0.0107628,0.00928966,-2.37608e-06
281,1,-1.70834e-05,1.82012e-05,0,-4.66017e-09,-4.15923e-09,0,0.00046,-0.00494855,-0.0105662,0.000452277,0.0117074,0.00914132,3.24679e-05
249,1,-1.614e-05,1.90569e-05,0,-5.35103e-09,-4.54099e-09,0,0.0005,0.00778162,0.00498955,-0.000922281,0.0125519,0.0094503,-2.10203e-05
288,1,-1.64592e-05,1.69503e-05,0,-4.86648e-09,-4.30153e-09,0,0.00046,-0.00415503,-0.0129956,0.000145761,0.0129414,0.00863328,-4.57402e-05
260,1,-1.60059e-05,1.77431e-05,0,-6.12391e-09,-5.05804e-09,0,0.0005,-0.00565615,-0.00279087,-0.00181359,0.0134823,0.00933219,-3.04875e-05
221,1,-1.67205e-05,1.52443e-05,0,-8.27792e-09,-6.25452e-09,0,0.00054,0.00702722,-0.00120755,-0.00174106,0.013965,0.00856474,-4.73944e-05
203,1,-1.63546e-05,1.66522e-05,0,-1.15688e-08,-5.24334e-09,0,0.00058,-0.000739322,0.000334592,-0.00134826,0.0144734,0.00956487,3.09174e-06
235,1,-1.68807e-05,1.39916e-05,0,-7.78877e-09,-3.47169e-09,0,0.00052,-0.000663964,0.00190982,-0.000452,0.0149269,0.00865873,1.54215e-05
244,1,-1.71086e-05,1.43586e-05,0,-7.79656e-09,-2.00619e-09,0,0.0005,0.00306697,0.00028883,-0.000949472,0.0154887,0.00940302,-9.05165e-06
255,1,-1.77097e-05,1.11193e-05,0,-8.49027e-09,-1.49088e-09,0,0.0005,0.00253996,-0.00925895,-0.00262341,0.0160278,0.00862906,1.70983e-05
299,1,-1.78019e-05,1.15955e-05,0,-6.53223e-09,-2.22138e-10,0,0.00044,-0.00344851,-0.000676347,-0.00408631,0.0163204,0.00957818,-7.6113e-06
269,1,-1.85611e-05,8.49914e-06,0,-8.46907e-09,9.68114e-10,0,0.00048,-0.00463178,0.00962341,-0.000663942,0.0168867,0.0089163,4.26166e-05
263,1,-2.05591e-05,4.17164e-06,0,-1.16515e-08,1.37798e-09,0,0.0005,-0.00392475,-0.00976241,-0.0073522,0.0177727,0.00916268,-4.17269e-05
230,1,-1.79177e-05,8.52372e-06,0,-1.22187e-08,1.83616e-09,0,0.00052,0.0102644,0.00292104,-0.00269093,0.0171793,0.00980448,-2.75196e-05
266,1,-2.0446e-05,4.12199e-06,0,-1.0716e-08,2.46247e-09,0,0.00048,0.00470478,0.00944358,-0.00155804,0.0182713,0.00995192,-3.81409e-05
208,1,-2.14208e-05,-2.39512e-07,0,-1.63853e-08,2.74101e-09,0,0.00056,0.00398053,0.00729788,0.00198454,0.0185003,0.00863103,-1.3764e-05
246,1,-2.37069e-05,-1.31293e-06,0,-1.30555e-08,3.15922e-09,0,0.0005,-0.00212738,-0.00624335,-0.00547451,0.0191,0.00945855,-1.72888e-05
209,1,-2.0942e-05,-8.14701e-06,0,-1.17634e-08,2.99603e-09,0,0.00056,-0.00443388,-2.64845e-05,0.00231514,0.0197346,0.00857874,1.49646e-05
272,1,-2.07439e-05,-2.72369e-05,0,-8.85105e-09,-2.2451e-09,0,0.00048,0.00115362,-0.00456081,0.000842993,0.00133967,0.0115234,5.40968e-06
301,1,-2.32067e-05,-2.30188e-05,0,-6.12677e-09,-1.49709e-09,0,0.00042,-0.0147554,-0.0125968,-0.0111369,0.000892748,0.0108027,2.7353e-05
238,1,-1.29948e-05,-1.8224e-05,0,-9.08413e-09,-1.42562e-09,0,0.00052,0.0206246,0.00191503,-0.0238378,0.000380996,0.0115513,2.84116e-05
220,1,-2.28939e-05,-9.43257e-06,0,-1.60115e-08,2.83289e-09,0,0.00054,-0.00897721,0.00317274,-0.0112743,5.60399e-05,0.0105464,1.79805e-07
253,1,-2.47914e-05,-3.06141e-05,0,-8.06493e-09,-1.64386e-09,0,0.0005,-0.00201971,0.0107609,-0.00626583,0.00172924,0.0106802,-4.24369e-05
270,1,-2.2927e-05,-3.67865e-05,0,-7.85363e-09,-3.5814e-10,0,0.00048,0.0132702,0.00356684,-0.00643508,0.00228496,0.0114022,5.57899e-06
202,1,-2.61908e-05,-3.6953e-05,0,-1.02768e-08,1.78247e-10,0,0.00058,-0.0090598,-0.0059949,-0.00492168,0.00271342,0.0104782,6.96845e-06
250,1,-2.4712e-05,-4.64267e-05,0,-7.81974e-09,6.52597e-10,0,0.0005,0.00581897,-0.00469775,-0.00769177,0.00323607,0.0113685,-2.60959e-05
284,1,-2.81215e-05,-4.58535e-05,0,-4.64131e-09,8.15807e-10,0,0.00046,-0.00753197,0.00588871,-0.0019567,0.0038195,0.0106649,4.66205e-05
277,1,-2.61808e-05,-4.38243e-05,0,-4.32254e-09,1.14981e-09,0,0.00048,-0.006923,-0.00175942,0.00187367,0.0047128,0.0104326,4.42072e-05
275,1,-2.76196e-05,-5.46131e-05,0,-6.63136e-09,1.44151e-09,0,0.00048,0.0148351,0.00772051,-0.00489578,0.00416615,0.0114567,3.55182e-05
228,1,-3.09052e-05,-5.32436e-05,0,-8.7923e-09,2.02664e-09,0,0.00052,-0.000140155,-0.0083284,0.00302341,0.00505686,0.0112878,-2.7703e-05
285,1,-2.70334e-05,-3.95209e-05,0,-4.22774e-09,2.95669e-09,0,0.00046,0.00421107,0.000288646,0.0154996,0.00560176,0.0105868,1.30127e-05
274,1,-1.8494e-05,-3.45387e-05,0,-5.51375e-09,-6.98e-09,0,0.00048,0.0381119,-0.000331258,0.0714713,0.00639523,0.0116213,1.26179e-05
200,1,-2.29681e-05,-1.17701e-05,0,-1.02945e-08,-1.48933e-09,0,0.00058,0.0243194,-0.00261759,0.0343177,0.00653047,0.0104491,1.74262e-06
245,1,-1.43088e-05,7.50736e-07,0,-6.44055e-09,-3.23043e-09,0,0.0005,-0.0392277,7.33643e-05,0.00802309,0.00730822,0.0115747,9.49774e-06
264,1,-2.23571e-05,2.23428e-06,0,-5.32219e-09,-3.18444e-09,0,0.00048,0.0357166,0.0192792,-0.0135104,0.00745971,0.0107038,3.54547e-06
225,1,-2.16935e-05,1.7999e-05,0,-7.50698e-09,-4.36481e-09,0,0.00054,-0.044655,0.0174931,0.00824615,0.00824974,0.0114224,-4.18982e-05
276,1,-2.12059e-05,7.17544e-06,0,-6.58421e-09,-2.82894e-09,0,0.00048,0.048051,-0.0417039,0.00864886,0.00831615,0.0104463,7.96265e-06
286,1,-2.74959e-05,1.77985e-05,0,-5.90023e-09,-3.7441e-09,0,0.00046,-0.00324997,-0.00908134,-0.00350125,0.00914222,0.0112582,4.40746e-05
201,1,-2.45556e-05,1.27562e-05,0,-1.21315e-08,-1.00414e-08,0,0.00058,0.00137392,0.0248045,0.000975227,0.00929517,0.0102867,-9.33208e-06
207,1,-3.2385e-05,1.18812e-05,0,-1.19749e-08,-7.84497e-09,0,0.00056,0.0333104,0.00117395,-0.000514569,0.0100896,0.0111559,-2.79071e-05
289,1,-2.35568e-05,1.79406e-05,0,-4.67243e-09,-3.77578e-09,0,0.00046,-0.00898596,-0.010823,0.0178386,0.0110002,0.010915,-3.34068e-05
224,1,-2.49412e-05,1.51593e-05,0,-9.50119e-09,-6.96402e-09,0,0.00054,-0.0232396,-0.0214773,0.0111378,0.0103359,0.010173,-3.72943e-05
205,1,-1.72139e-05,2.08836e-05,0,-6.53863e-09,-6.31852e-09,0,0.00056,0.00406083,0.0121388,-0.00034848,0.0114718,0.0100854,-1.82378e-05
257,1,-1.22859e-05,2.41428e-05,0,-3.36534e-09,-3.11018e-09,0,0.0005,0.00456172,0.0107983,-0.011451,0.0119229,0.0110177,-4.99548e-05
295,1,-1.55729e-05,2.07057e-05,0,-2.61057e-09,-2.54132e-09,0,0.00044,-0.00762213,-0.0134782,-0.000642355,0.0123734,0.0103021,8.34147e-06
218,1,-1.26842e-05,2.14252e-05,0,-3.69654e-09,-3.56699e-09,0,0.00054,-0.00228833,-0.0100303,0.000840544,0.0128748,0.0110998,-2.12959e-05
237,1,-1.44486e-05,2.02057e-05,0,-4.09714e-09,-4.39492e-09,0,0.00052,0.0014358,0.0125757,-0.0014677,0.0132362,0.0101827,-3.49785e-05
254,1,-1.28591e-05,2.19328e-05,0,-3.12704e-09,-1.2995e-09,0,0.0005,0.0214299,0.00918457,-0.000573882,0.0138229,0.0109192,2.14731e-05
236,1,-1.41735e-05,1.93929e-05,0,-6.20925e-09,-2.18346e-09,0,0.00052,-0.00204205,-0.0156081,-0.00349136,0.0146654,0.0105609,9.56966e-07
298,1,-1.28039e-05,2.2558e-05,0,-3.51245e-09,5.23486e-10,0,0.00044,0.00317089,0.0116625,-0.000297155,0.0145099,0.0114523,7.82155e-06
212,1,-1.41922e-05,2.1097e-05,0,-1.16632e-08,1.35173e-09,0,0.00056,0.00165128,-0.0101487,-0.00173046,0.0154844,0.0113199,-1.47463e-05
261,1,-1.57767e-05,1.6583e-05,0,-7.60287e-09,-1.09244e-09,0,0.0005,-0.00168746,0.0163324,-0.00310153,0.0155704,0.0103257,-1.60515e-05
265,1,-1.67037e-05,1.4018e-05,0,-9.0855e-09,7.87829e-10,0,0.00048,0.00122487,0.0102,0.000920075,0.016516,0.0114136,-4.13942e-05
219,1,-1.60151e-05,1.22399e-05,0,-1.21626e-08,9.48982e-10,0,0.00054,-0.000218132,-0.0144558,-0.0026544,0.0165229,0.0104944,-9.96495e-06
256,1,-1.99581e-05,8.23426e-06,0,-1.25177e-08,1.86348e-09,0,0.0005,-0.0129528,-0.00451434,0.00206596,0.0176105,0.0106124,1.39627e-05
239,1,-1.85612e-05,1.13674e-05,0,-1.39624e-08,1.54593e-09,0,0.00052,0.0169621,-0.00930221,-0.00722746,0.0174698,0.0115145,2.195e-05
210,1,-2.00843e-05,6.93035e-06,0,-1.85185e-08,3.86735e-09,0,0.00056,0.00461064,8.7925e-05,-0.00300897,0.0184375,0.0111654,-2.83946e-05
234,1,-2.20031e-05,6.99168e-07,0,-1.41982e-08,4.94491e-09,0,0.00052,0.000113462,-0.00486921,-0.00497717,0.0191007,0.0104408,1.50647e-05
293,1,-2.11668e-05,-2.1021e-06,0,-6.99575e-09,3.28853e-09,0,0.00044,0.00402266,0.00728185,0.000105092,0.0194866,0.0112959,4.3363e-05
262,1,-1.5976e-05,-1.75861e-05,0,-1.0712e-08,-2.21853e-10,0,0.0005,-0.00271109,0.00989236,-0.0200321,0.00108261,0.0124207,-3.24457e-07
317,1,-2.58189e-05,-3.42963e-05,0,-1.67533e-08,-5.48986e-09,0,0.00054,-0.0211609,-0.00555596,0.057928,0.000127571,0.0125354,-8.8818e-06
303,1,-1.71514e-05,-3.33203e-05,0,-6.30637e-09,-7.26788e-10,0,0.00042,-0.0139868,-0.00775206,-0.0161779,0.00189804,0.0121551,-2.60666e-05
292,1,-1.10587e-06,-4.12261e-05,0,-1.00916e-08,2.21219e-10,0,0.00044,0.00838992,-0.00895748,-0.0223359,0.00218739,0.0128978,-2.9504e-05
233,1,-1.66333e-05,-4.56911e-05,0,-1.11192e-08,1.00202e-09,0,0.00052,-0.00646465,0.00617622,-0.0127742,0.00275618,0.0122174,1.74786e-05
319,1,-7.67644e-06,-6.38414e-05,0,-1.51527e-08,-1.36543e-09,0,0.00054,0.0112277,0.015517,-0.00531742,0.0032523,0.0131676,-7.28073e-06
320,1,-2.08231e-05,-5.70691e-05,0,-1.07817e-08,1.83447e-09,0,0.00054,-0.0143418,-0.0082578,-0.00794973,0.00370413,0.0122659,2.61725e-05
251,1,-2.87691e-05,-6.12424e-05,0,-7.69206e-09,2.18065e-09,0,0.0005,0.000651167,0.0131371,-0.00258324,0.00469553,0.0121992,2.40728e-05
311,1,-2.09762e-05,-6.471e-05,0,-1.20371e-08,3.56405e-09,0,0.00056,-0.000537496,-0.0150984,-0.00538035,0.00428234,0.0130725,2.21972e-05
357,1,-3.38898e-05,-6.36549e-05,0,-5.92394e-09,-2.87041e-09,0,0.0005,0.0200698,0.0166585,0.00214934,0.00522605,0.0129858,-1.09524e-05
242,1,-3.71353e-05,-6.26878e-05,0,-5.00681e-09,-3.70671e-09,0,0.0005,-0.0126165,-0.012698,0.00314654,0.00559837,0.0120694,1.14157e-05
222,1,-4.73452e-05,-7.41806e-05,0,-3.54492e-09,-3.82519e-09,0,0.00054,-0.0124922,-0.0174106,-0.00838835,0.00613791,0.0128703,-2.41459e-05
217,1,-4.30966e-05,-3.37193e-05,0,-2.27904e-09,-2.70643e-10,0,0.00054,0.0378898,-0.00016928,0.0806268,0.00698126,0.0124853,4.99362e-05
258,1,-3.29991e-05,1.96211e-05,0,-5.14508e-09,-3.76196e-09,0,0.0005,0.0379733,-0.0080184,0.0364154,0.00788846,0.0123371,4.36203e-05
278,1,-9.0592e-06,7.8584e-05,0,-7.26139e-09,4.47484e-09,0,0.00048,-0.0702984,-0.0204314,-0.0357035,0.00839099,0.013224,6.77892e-06
213,1,-2.80765e-05,3.98114e-05,0,-1.09636e-08,-1.24022e-09,0,0.00056,0.0668934,0.00460656,-0.00640541,0.0088216,0.0123192,3.44228e-06
279,1,-3.08371e-05,1.93825e-05,0,-5.91675e-09,-2.55899e-09,0,0.00046,-0.0285203,-0.0300914,-0.0128186,0.00966089,0.0119691,1.46648e-06
240,1,-1.7504e-05,4.35178e-05,0,-1.09928e-08,-8.96329e-10,0,0.00052,-0.0574624,0.0349172,-0.0167432,0.00933418,0.0131552,1.56753e-06
282,1,-2.36053e-05,7.90118e-06,0,-7.23268e-09,-3.53431e-09,0,0.00046,0.0107332,-0.0108859,-0.0334829,0.0100816,0.012721,3.49515e-06
290,1,-2.44315e-05,1.31453e-05,0,-4.69772e-09,-3.58699e-09,0,0.00046,0.00448636,-0.0257391,0.0673133,0.0114503,0.0117026,-3.49974e-05
216,1,-2.94554e-05,-5.02363e-06,0,-9.6853e-09,-8.60449e-09,0,0.00054,-0.0235374,0.028603,-0.0229349,0.0106405,0.0120242,-1.27408e-05
400,1,-2.03616e-05,-1.52201e-05,0,-5.18809e-09,-3.28923e-09,0,0.00042,0.132743,0.0593412,0.047544,0.0112203,0.0126769,4.10288e-05
271,1,-2.54162e-05,-3.58988e-05,0,-1.0575e-08,-6.35287e-09,0,0.00048,-0.106876,-0.0734568,-0.0194122,0.0107303,0.0133045,1.51186e-05
283,1,-1.20077e-05,1.98966e-05,0,-5.36637e-09,-8.70769e-10,0,0.00046,0.0107686,-0.0482675,0.0115455,0.012008,0.0126339,-2.24734e-05
294,1,-1.18878e-05,2.13336e-05,0,-3.23733e-09,-1.55222e-09,0,0.00044,0.0089744,-0.000673302,0.00332762,0.0123202,0.011847,-3.47829e-05
338,1,-9.77124e-06,2.83784e-05,0,-7.55625e-09,7.89877e-10,0,0.00052,0.00955815,0.0291208,-0.00316927,0.012916,0.0125713,-2.52694e-05
223,1,-1.16004e-05,2.53784e-05,0,-6.27553e-09,3.91898e-10,0,0.00054,-0.0220402,-0.0122462,-0.000341498,0.013611,0.011844,-4.9699e-05
359,1,-1.16546e-05,3.03229e-05,0,-9.19374e-09,3.31224e-09,0,0.0005,0.0208013,-0.014501,0.00203476,0.0138309,0.0128042,-4.84058e-07
392,1,-1.072e-05,2.5589e-05,0,-4.8187e-09,1.95381e-09,0,0.00044,-0.00322725,-1.5108e-05,-0.00505565,0.0144591,0.0122306,6.46138e-06
360,1,-8.89457e-06,2.32532e-05,0,-9.18364e-09,3.13383e-09,0,0.0005,-0.000892401,-0.00303517,0.00177156,0.0148371,0.0130032,-1.31753e-05
396,1,-8.88051e-06,2.5109e-05,0,-5.33244e-09,2.00815e-09,0,0.00044,0.00221041,-0.00172762,-0.00220898,0.0152454,0.0122382,-4.8395e-05
363,1,-5.70075e-06,3.14587e-05,0,-7.75122e-09,3.81026e-09,0,0.00048,0.001733,0.00507591,0.0205207,0.0157289,0.0129853,-1.17246e-06
252,1,-1.11452e-05,1.96646e-05,0,-9.45632e-09,1.73417e-09,0,0.0005,-0.00811043,0.004639,-0.0201353,0.0160733,0.0121717,-3.72359e-05
322,1,1.57694e-05,2.24169e-05,0,-9.61843e-09,5.39318e-09,0,0.00054,0.0129193,0.000462664,-0.0798291,0.0166666,0.0132637,-5.27218e-06
331,1,-1.89264e-05,1.43896e-05,0,-1.36256e-08,9.28701e-10,0,0.00052,-0.00600278,-0.00853511,0.0132285,0.0169605,0.0122898,-4.1589e-05
332,1,-2.82902e-05,2.05856e-05,0,-1.79071e-08,5.91953e-10,0,0.00052,-0.0039647,0.00121153,-0.00617229,0.0176737,0.0128707,-4.69919e-05
377,1,-2.33408e-05,1.01814e-05,0,-1.16761e-08,8.10268e-10,0,0.00046,-0.0112135,0.0211352,0.00579611,0.0181869,0.0120936,2.70269e-05
376,1,-3.19406e-05,8.94826e-06,0,-1.34731e-08,1.04774e-10,0,0.00046,0.0247387,-0.0030472,0.00797605,0.0185592,0.01286,1.43924e-05
328,1,-2.54897e-05,4.18994e-06,0,-1.61911e-08,5.07576e-09,0,0.00052,-0.000823463,-0.0186654,-0.00502682,0.0191489,0.012138,2.96183e-05
327,1,-1.88379e-05,-2.6732e-05,0,-1.85287e-08,-6.64241e-09,0,0.00052,0.0122399,0.0150906,-0.0961007,0.0193919,0.0131532,-3.62044e-05
335,1,-1.60065e-05,-7.75318e-05,0,-2.47241e-08,-1.03164e-08,0,0.00052,-0.0767176,0.0567796,0.0996732,0.00146886,0.0134037,-6.05535e-06
380,1,-7.54138e-06,-7.99437e-05,0,-1.55056e-08,-5.73855e-09,0,0.00046,0.012369,-0.0379533,-0.117877,0.000625339,0.0137136,-4.96651e-05
366,1,3.90632e-05,-9.00972e-05,0,-9.59999e-09,-5.46926e-09,0,0.00048,-0.0334557,-0.0320382,0.010749,0.000895656,0.0145753,-1.15952e-07
398,1,3.64038e-05,-9.19617e-05,0,-7.31797e-09,-4.77964e-09,0,0.00042,0.0290873,0.0390996,-0.0122749,9.72037e-05,0.0147158,-1.60873e-07
316,1,4.04302e-05,-6.7285e-05,0,-1.10987e-08,1.01158e-09,0,0.00054,-0.00281066,0.0351791,0.0249483,0.00180676,0.014419,4.44824e-05
340,1,2.29768e-05,-5.61469e-05,0,-1.27669e-08,1.81853e-09,0,0.00052,-0.0149636,-0.0140998,-0.043325,0.0024799,0.0137232,4.05064e-05
367,1,4.69097e-05,-6.36385e-05,0,-6.70405e-09,3.09414e-09,0,0.00048,-0.00193832,-0.0450356,0.000228558,0.00275896,0.0146032,1.34032e-05
321,1,5.74049e-05,-4.46535e-05,0,-9.54887e-09,4.50337e-09,0,0.00054,-0.0245907,0.0408507,0.031394,0.00366724,0.0146289,-2.36735e-05
399,1,3.52163e-05,-4.8055e-05,0,-4.90654e-09,1.89017e-09,0,0.00042,0.0488845,-0.098665,-0.137609,0.00395964,0.0138559,-8.94147e-06
368,1,4.68987e-05,-2.28533e-05,0,-4.95507e-09,1.52229e-09,0,0.00048,-0.145751,-0.0105292,0.0204155,0.00459795,0.0144522,-4.70775e-05
388,1,4.56778e-05,-3.52446e-05,0,-1.95945e-09,-7.93098e-10,0,0.00044,-0.0451462,-0.00694788,-0.105957,0.00542467,0.0145191,3.4178e-05
372,1,-1.99408e-05,-6.5972e-05,0,-5.48732e-09,-4.2997e-09,0,0.00048,0.0149725,0.0394028,-0.0519837,0.0057608,0.0137526,-2.28614e-05
326,1,3.0215e-05,-0.000100607,0,-8.69358e-09,-3.09514e-09,0,0.00054,0.0236276,0.00919152,-0.0605299,0.00632672,0.0145424,-1.08387e-06
374,1,-3.41067e-05,-0.000114377,0,-5.91893e-09,-6.53983e-10,0,0.00048,-0.0256481,-0.0356244,-0.0672927,0.00666344,0.0136414,1.18363e-05
267,1,-1.51066e-05,-2.29441e-05,0,-5.86699e-09,4.14501e-09,0,0.00048,0.146665,0.00230013,0.269332,0.00751061,0.0133644,-3.43726e-05
395,1,8.94063e-06,-0.000173556,0,-4.24904e-09,-4.06343e-10,0,0.00044,0.00869603,-0.00706314,-0.105229,0.0071974,0.0143338,1.79808e-05
325,1,1.70209e-05,-2.94124e-05,0,-8.30956e-09,1.83326e-09,0,0.00054,0.0107696,0.00042703,0.373245,0.00807366,0.0142119,-1.68329e-05
268,1,5.14546e-05,7.21392e-05,0,-6.03004e-09,1.55927e-09,0,0.00048,0.0502858,-0.014792,-0.146657,0.00895547,0.0139723,-3.85877e-05
379,1,6.09196e-05,5.56386e-05,0,-7.44188e-09,-1.90656e-10,0,0.00046,-0.134105,-0.0889582,0.10971,0.00948273,0.0146446,-3.30003e-06
215,1,2.7056e-05,1.68377e-05,0,-1.18589e-08,-3.86381e-09,0,0.00054,0.13418,0.0369806,-0.131644,0.00998623,0.0138771,8.09002e-06
391,1,6.35946e-05,-1.55336e-05,0,-7.61229e-09,-2.9843e-09,0,0.00044,-0.164373,-0.0149067,0.0567439,0.0102988,0.0147548,1.50053e-05
329,1,2.81177e-05,-5.95037e-05,0,-1.03324e-08,-9.17101e-09,0,0.00052,0.0966824,0.0558247,-0.164324,0.0109631,0.0142027,-3.08659e-05
369,1,-1.789e-05,-4.32803e-05,0,-1.10887e-08,-7.22696e-09,0,0.00048,-0.16995,0.0086583,0.096698,0.0115945,0.0135078,-4.99274e-05
312,1,-3.82405e-05,-4.74149e-05,0,-1.79472e-08,5.71953e-09,0,0.00056,0.00103841,-0.02018,0.282837,0.0118976,0.0145598,-3.80464e-05
371,1,-1.43799e-05,3.14802e-05,0,-1.05944e-08,2.50354e-09,0,0.00048,-0.0286415,0.0116427,0.0342397,0.0124598,0.0134173,-3.7354e-05
344,1,4.26077e-06,6.10815e-05,0,-8.54847e-09,1.23946e-08,0,0.0005,0.0338598,0.0047295,-0.0481916,0.0128164,0.014294,-4.54767e-05
342,1,-1.23766e-05,4.04192e-05,0,-1.28459e-08,6.38695e-09,0,0.0005,-0.00985099,-0.0199784,-0.011722,0.0133447,0.0135675,2.73575e-05
333,1,1.72814e-05,3.43339e-05,0,-9.86842e-09,4.92397e-09,0,0.00052,-0.00544165,0.00410702,-0.01948,0.0137593,0.0145752,-3.38088e-05
381,1,1.20497e-05,3.00565e-05,0,-6.8001e-09,6.20138e-10,0,0.00046,0.0149105,-0.00716067,0.00228098,0.0147105,0.0145505,3.1619e-05
310,1,-2.7855e-06,2.76494e-05,0,-1.47806e-08,3.92656e-09,0,0.00056,-0.00954094,0.0154563,-0.0193497,0.0142668,0.0137318,-2.39016e-05
389,1,1.18215e-05,1.09654e-05,0,-3.86543e-09,2.91937e-09,0,0.00044,-0.00582337,0.000668344,-0.0336247,0.0156378,0.0146137,2.14614e-05
358,1,-5.29751e-06,2.21776e-05,0,-6.3062e-09,4.47693e-09,0,0.0005,-0.000539806,-0.00780068,-0.0121706,0.0153118,0.0138192,-4.48401e-05
323,1,2.53699e-05,3.95004e-05,0,-6.43076e-09,1.20817e-08,0,0.00054,-0.0210059,0.0164617,0.0832547,0.0164909,0.0142774,3.75063e-05
364,1,3.10551e-05,6.94269e-05,0,-2.45359e-09,3.91749e-09,0,0.00048,0.00126181,-0.0339471,-0.0611219,0.0173588,0.0146511,1.77529e-05
330,1,-1.31714e-05,3.92728e-05,0,-1.73341e-08,-6.97101e-11,0,0.00052,0.00385524,0.0173462,-0.0361916,0.0176579,0.0137987,2.49655e-05
353,1,2.68557e-05,2.05709e-05,0,-1.42456e-08,-1.62513e-09,0,0.0005,0.026702,0.0318819,-0.0770953,0.0182271,0.0146013,-3.31627e-05
397,1,7.79006e-06,-5.37362e-05,0,-1.01041e-08,-2.90774e-09,0,0.00042,0.0198904,0.036077,0.0459234,0.0198483,0.0138957,2.52958e-05
306,1,2.52452e-05,-5.71481e-05,0,-2.29756e-08,-7.17006e-09,0,0.00058,-0.0126823,-0.0273447,-0.0584692,0.0192192,0.0145634,-1.88293e-05
348,1,-1.93566e-05,-1.09187e-05,0,-1.58216e-08,-2.23211e-09,0,0.0005,-0.0268853,-0.020085,-0.0551647,0.0186422,0.0137533,3.83299e-05
349,1,4.09612e-05,-9.13987e-05,0,-1.33414e-08,-5.99241e-09,0,0.0005,0.0220403,0.0454038,-0.00107422,0.000552641,0.015441,-2.79437e-05
343,1,0.000264621,-7.31667e-07,0,-7.4377e-09,3.01744e-10,0,0.0005,-0.00240328,0.0681894,-0.507963,0.00116201,0.0162761,2.63946e-05
334,1,3.36326e-05,-8.2191e-05,0,-1.48195e-08,-2.00833e-09,0,0.00052,0.00112086,-0.0519815,0.000183555,0.00147939,0.0153775,-3.81553e-05
385,1,0.000268253,-3.19386e-06,0,-5.52588e-09,-1.70097e-09,0,0.00046,-0.00690566,-0.0718501,-0.53153,0.000228833,0.0162914,-1.71876e-05
345,1,0.000263188,6.34102e-06,0,-7.26397e-09,1.79114e-09,0,0.0005,-0.000948455,-0.0370763,-0.539374,0.00211653,0.0163062,8.05502e-06
375,1,0.00026656,1.76625e-05,0,-7.75407e-09,2.92733e-09,0,0.00048,-0.00393552,-0.00286657,-0.520093,0.00306912,0.016303,-3.82493e-05
318,1,3.48401e-05,-7.38762e-05,0,-1.42803e-08,1.60097e-09,0,0.00054,-0.00656879,0.0571306,0.014992,0.00244347,0.0154424,1.57621e-06
386,1,4.2276e-05,-5.66029e-05,0,-6.75781e-09,3.12374e-09,0,0.00046,0.0354109,-0.0754656,0.0130241,0.00337028,0.015497,2.61205e-05
378,1,0.00026032,-1.88998e-06,0,-1.53048e-08,-9.88099e-09,0,0.00046,-0.189994,0.00663096,0.440287,0.00396664,0.0162763,4.44583e-05
350,1,0.000277227,2.24639e-05,0,-1.33012e-08,-2.23826e-09,0,0.0005,-0.00718083,-0.0182141,-0.507897,0.00490675,0.0162971,4.44816e-05
337,1,6.52051e-05,-5.03024e-05,0,-3.3115e-09,-5.55439e-09,0,0.00052,0.115476,0.0592809,-0.0295929,0.00430167,0.015396,1.1381e-06
315,1,7.9724e-05,-3.07574e-05,0,-1.18972e-08,-4.15016e-09,0,0.00056,0.0491421,-0.053986,0.0480796,0.00529389,0.0154164,-1.20233e-05
361,1,0.000313343,-2.25418e-05,0,-4.98704e-09,2.11408e-09,0,0.0005,0.00747246,0.0171009,-0.356119,0.00588354,0.0162815,-3.79876e-05
387,1,0.000104291,-8.34021e-05,0,-6.94426e-09,1.49532e-09,0,0.00046,-0.0426701,0.056999,-0.130455,0.00622804,0.0154715,7.7282e-06
336,1,0.000315759,-5.51523e-05,0,-7.64104e-09,4.50531e-10,0,0.00052,0.00596005,0.0404808,-0.369589,0.00688914,0.0162077,4.63278e-05
354,1,9.03133e-05,-0.000160267,0,-9.7831e-09,1.40797e-09,0,0.0005,-0.0158927,-0.0212797,-0.0814079,0.0070669,0.0152166,4.43312e-05
307,1,0.00019711,1.52532e-05,0,-3.11563e-09,1.20539e-09,0,0.00058,-0.00175376,-0.00096967,-0.535007,0.00804195,0.0162136,-3.93501e-06
341,1,0.000110758,1.10892e-05,0,-1.00347e-08,8.99532e-10,0,0.0005,0.0052691,0.019566,0.464782,0.00796844,0.0152075,2.36495e-05
347,1,0.000177604,1.8069e-05,0,-4.18703e-09,-7.34807e-10,0,0.0005,-0.339299,0.0752548,0.548554,0.00902778,0.0159953,2.60965e-05
394,1,0.000122832,9.46787e-05,0,-7.80076e-09,-1.18525e-09,0,0.00044,0.363913,-0.0635251,-0.340542,0.00882398,0.0151139,-1.70971e-05
324,1,0.000204293,5.85008e-05,0,-1.14479e-08,-3.01463e-09,0,0.00054,0.0999356,0.0593999,-0.386031,0.00986928,0.0154966,1.45032e-05
352,1,0.000439696,-1.60555e-05,0,-2.45032e-09,-2.71496e-09,0,0.0005,-0.000550756,0.184429,-0.140686,0.0102209,0.0163321,-2.63927e-05
365,1,0.000426679,2.26144e-06,0,-1.31323e-09,-6.17173e-09,0,0.00048,0.00232296,-0.151652,-0.181252,0.0111575,0.0162912,1.78253e-05
305,1,3.94731e-05,2.55045e-05,0,-2.80685e-08,-1.09935e-08,0,0.00058,-0.00896129,0.0380849,-0.522595,0.0111101,0.015286,8.61202e-06
309,1,0.000426857,-1.00916e-06,0,1.59142e-08,7.73339e-09,0,0.00056,-0.00168971,0.111094,-0.165518,0.012139,0.0162225,1.14277e-05
362,1,6.00405e-05,-0.000142863,0,-4.22453e-09,-2.42596e-09,0,0.00048,-0.0347171,-0.0205694,-0.685389,0.0124547,0.0153425,3.47044e-05
393,1,0.000277648,2.20566e-05,0,7.5631e-10,3.44858e-09,0,0.00044,0.00195034,-0.0441402,-0.517701,0.0132925,0.0162977,1.42827e-05
373,1,4.05016e-05,3.94191e-05,0,-3.59274e-09,8.18996e-09,0,0.00048,-0.00071217,0.0173641,-0.0237677,0.0133329,0.0153962,6.36771e-07
313,1,0.00027123,8.11221e-06,0,-3.54756e-09,1.69292e-09,0,0.00056,0.00130042,0.0582989,-0.457454,0.0142774,0.0162416,1.04172e-05
383,1,2.66829e-05,3.14622e-05,0,-5.56766e-09,1.09614e-09,0,0.00046,-0.000672929,-0.0127891,0.00226801,0.0142404,0.0153211,-1.23126e-05
308,1,0.000273074,1.40404e-05,0,-1.12261e-08,1.09691e-09,0,0.00056,0.00430926,-0.0540773,-0.413379,0.0153542,0.0162418,-4.47667e-06
355,1,3.16731e-05,3.05015e-05,0,-1.14155e-08,4.34072e-10,0,0.0005,-0.0110874,0.00968361,-0.0453157,0.0151363,0.0153057,1.65265e-05
370,1,0.000277146,-4.00205e-05,0,-8.86816e-09,1.69556e-09,0,0.00048,-0.00446729,0.0581075,-0.52115,0.0163399,0.0163082,3.22872e-05
356,1,3.89295e-05,-4.25033e-06,0,-1.75243e-08,1.0134e-08,0,0.0005,0.0257743,-0.000301371,0.0125501,0.0160416,0.0154541,-2.57249e-06
339,1,0.000301418,-3.80694e-06,0,-3.80939e-09,-1.02646e-08,0,0.00052,0.000607794,-0.013761,-0.400188,0.0172782,0.0162688,-3.75421e-05
351,1,3.0475e-05,7.56867e-05,0,-2.73576e-08,-1.31517e-08,0,0.0005,0.0152358,0.0081559,0.0689055,0.0169501,0.0153925,5.22691e-06
314,1,0.000291169,2.05251e-06,0,-4.35506e-09,2.76364e-09,0,0.00056,-0.000892072,-0.0565047,-0.383863,0.018305,0.0162395,-2.29225e-05
390,1,4.54315e-05,8.76777e-05,0,-7.28702e-09,6.09399e-09,0,0.00044,-0.043759,-0.0259735,-0.0134757,0.0178689,0.015401,1.07715e-05
346,1,0.000279083,6.44439e-06,0,-4.83319e-09,-2.21572e-09,0,0.0005,0.00202462,0.0688626,-0.470785,0.0193089,0.0162686,-1.93448e-05
382,1,6.93393e-05,-6.46528e-05,0,-7.2033e-09,-1.32295e-09,0,0.00046,0.0232607,0.0212071,-0.0299722,0.0187444,0.0154045,-3.46021e-05
384,1,5.53167e-05,-8.31064e-05,0,-8.61954e-09,-4.94792e-09,0,0.00046,-0.0195021,-0.0418401,-0.028523,0.0196534,0.0154566,-1.66336e-06
